,30 secs,60 secs,90 secs,120 secs
0,73,73,72,73
1,93,92,72,73
2,83,112,74,74
3,103,132,73,73
4,123,92,76,73
5,233,110,74,74
6,372,130,73,73
7,513,90,73,73
8,623,231,74,74
9,764,552,73,73
avg,298,161.4,73.4,73.3
std,255.2192957,144.1027411,1.173787791,0.483045892
